
-- SEED DATA - V3
-- DOCTORS
INSERT INTO public.staff (id, name, role, mobile, email, qualifications, is_master) VALUES ('DOC-100', 'Dr. K. Ramesh', 'Doctor', '9228296527', 'dr0@clinic.com', 'General Dentist', true);
INSERT INTO public.staff (id, name, role, mobile, email, qualifications, is_master) VALUES ('DOC-101', 'Dr. M. S. Srinivasan', 'Doctor', '9273309265', 'dr1@clinic.com', 'General Dentist', false);
INSERT INTO public.staff (id, name, role, mobile, email, qualifications, is_master) VALUES ('DOC-102', 'Dr. S. Karthikeyan', 'Doctor', '9151392423', 'dr2@clinic.com', 'General Dentist', false);
INSERT INTO public.staff (id, name, role, mobile, email, qualifications, is_master) VALUES ('DOC-103', 'Dr. P. Vinothkumar', 'Doctor', '9227035331', 'dr3@clinic.com', 'Endodontist', false);
INSERT INTO public.staff (id, name, role, mobile, email, qualifications, is_master) VALUES ('DOC-104', 'Dr. A. Meenakshi', 'Doctor', '9546389352', 'dr4@clinic.com', 'Periodontist', false);
INSERT INTO public.staff (id, name, role, mobile, email, qualifications, is_master) VALUES ('DOC-105', 'Dr. N. Balamurugan', 'Doctor', '9259592666', 'dr5@clinic.com', 'Oral & Maxillofacial Surgeon', false);
INSERT INTO public.staff (id, name, role, mobile, email, qualifications, is_master) VALUES ('DOC-106', 'Dr. R. Shalini', 'Doctor', '9403796436', 'dr6@clinic.com', 'Orthodontist', false);
INSERT INTO public.staff (id, name, role, mobile, email, qualifications, is_master) VALUES ('DOC-107', 'Dr. V. Arun', 'Doctor', '9921600379', 'dr7@clinic.com', 'Prosthodontist', false);
INSERT INTO public.staff (id, name, role, mobile, email, qualifications, is_master) VALUES ('DOC-108', 'Dr. C. Gopinath', 'Doctor', '9814698995', 'dr8@clinic.com', 'Pediatric Dentist', false);
INSERT INTO public.staff (id, name, role, mobile, email, qualifications, is_master) VALUES ('DOC-109', 'Dr. T. Kavitha', 'Doctor', '9668686301', 'dr9@clinic.com', 'Implantologist', false);


-- PATIENTS
INSERT INTO public.patients (id, name, age, gender, phone, email, blood_group, last_visit, total_spent, address, whatsapp_number) VALUES ('PT-202X0', 'Arjun Natarajan', 56, 'Male', '9744721528', 'arjun@example.com', 'B+', '2025-10-12', 0, 'Vellore, Tamil Nadu', '');
UPDATE public.patients SET total_spent = 50600 WHERE id = 'PT-202X0';
INSERT INTO public.patients (id, name, age, gender, phone, email, blood_group, last_visit, total_spent, address, whatsapp_number) VALUES ('PT-202X1', 'Kannan Naidu', 32, 'Male', '9930736255', 'kannan@example.com', 'A+', '2026-02-02', 0, 'Tirunelveli, Tamil Nadu', '');
UPDATE public.patients SET total_spent = 30000 WHERE id = 'PT-202X1';
INSERT INTO public.patients (id, name, age, gender, phone, email, blood_group, last_visit, total_spent, address, whatsapp_number) VALUES ('PT-202X2', 'Murugan Raman', 62, 'Male', '9191702301', 'murugan@example.com', 'A+', '2026-01-22', 0, 'Madurai, Tamil Nadu', '');
UPDATE public.patients SET total_spent = 6000 WHERE id = 'PT-202X2';
INSERT INTO public.patients (id, name, age, gender, phone, email, blood_group, last_visit, total_spent, address, whatsapp_number) VALUES ('PT-202X3', 'Prakash Natarajan', 59, 'Male', '9723119564', 'prakash@example.com', 'B+', '2026-01-14', 0, 'Vellore, Tamil Nadu', '');
UPDATE public.patients SET total_spent = 32500 WHERE id = 'PT-202X3';
INSERT INTO public.patients (id, name, age, gender, phone, email, blood_group, last_visit, total_spent, address, whatsapp_number) VALUES ('PT-202X4', 'Suresh Raman', 52, 'Female', '9159567298', 'suresh@example.com', 'A+', '2025-10-22', 0, 'Trichy, Tamil Nadu', '');
UPDATE public.patients SET total_spent = 1000 WHERE id = 'PT-202X4';
INSERT INTO public.patients (id, name, age, gender, phone, email, blood_group, last_visit, total_spent, address, whatsapp_number) VALUES ('PT-202X5', 'Ravi Naidu', 36, 'Female', '9414063108', 'ravi@example.com', 'A+', '2025-10-04', 0, 'Thoothukudi, Tamil Nadu', '');
UPDATE public.patients SET total_spent = 82000 WHERE id = 'PT-202X5';
INSERT INTO public.patients (id, name, age, gender, phone, email, blood_group, last_visit, total_spent, address, whatsapp_number) VALUES ('PT-202X6', 'Venkatesh Chettiar', 38, 'Male', '9461749959', 'venkatesh@example.com', 'O+', '2025-09-25', 0, 'Erode, Tamil Nadu', '');
UPDATE public.patients SET total_spent = 48800 WHERE id = 'PT-202X6';
INSERT INTO public.patients (id, name, age, gender, phone, email, blood_group, last_visit, total_spent, address, whatsapp_number) VALUES ('PT-202X7', 'Manoj Mudaliar', 45, 'Male', '9300495769', 'manoj@example.com', 'A+', '2025-09-21', 0, 'Erode, Tamil Nadu', '');
UPDATE public.patients SET total_spent = 44100 WHERE id = 'PT-202X7';
INSERT INTO public.patients (id, name, age, gender, phone, email, blood_group, last_visit, total_spent, address, whatsapp_number) VALUES ('PT-202X8', 'Dinesh Naidu', 47, 'Female', '9612526691', 'dinesh@example.com', 'O+', '2026-02-13', 0, 'Chennai, Tamil Nadu', '');
UPDATE public.patients SET total_spent = 46200 WHERE id = 'PT-202X8';
INSERT INTO public.patients (id, name, age, gender, phone, email, blood_group, last_visit, total_spent, address, whatsapp_number) VALUES ('PT-202X9', 'Gowtham Mudaliar', 26, 'Male', '9691523321', 'gowtham@example.com', 'O+', '2026-02-18', 0, 'Coimbatore, Tamil Nadu', '');
UPDATE public.patients SET total_spent = 2000 WHERE id = 'PT-202X9';
INSERT INTO public.patients (id, name, age, gender, phone, email, blood_group, last_visit, total_spent, address, whatsapp_number) VALUES ('PT-202X10', 'Sathish Rao', 53, 'Female', '9605143251', 'sathish@example.com', 'A+', '2025-12-28', 0, 'Chennai, Tamil Nadu', '');
UPDATE public.patients SET total_spent = 2400 WHERE id = 'PT-202X10';
INSERT INTO public.patients (id, name, age, gender, phone, email, blood_group, last_visit, total_spent, address, whatsapp_number) VALUES ('PT-202X11', 'Karthik Natarajan', 73, 'Male', '9638376125', 'karthik@example.com', 'B+', '2025-11-19', 0, 'Erode, Tamil Nadu', '');
UPDATE public.patients SET total_spent = 80800 WHERE id = 'PT-202X11';
INSERT INTO public.patients (id, name, age, gender, phone, email, blood_group, last_visit, total_spent, address, whatsapp_number) VALUES ('PT-202X12', 'Ranjith Gounder', 61, 'Male', '9120898013', 'ranjith@example.com', 'O+', '2025-11-16', 0, 'Vellore, Tamil Nadu', '');
UPDATE public.patients SET total_spent = 103500 WHERE id = 'PT-202X12';
INSERT INTO public.patients (id, name, age, gender, phone, email, blood_group, last_visit, total_spent, address, whatsapp_number) VALUES ('PT-202X13', 'Deepak Srinivasan', 64, 'Female', '9186983270', 'deepak@example.com', 'B+', '2025-09-26', 0, 'Madurai, Tamil Nadu', '');
UPDATE public.patients SET total_spent = 400 WHERE id = 'PT-202X13';
INSERT INTO public.patients (id, name, age, gender, phone, email, blood_group, last_visit, total_spent, address, whatsapp_number) VALUES ('PT-202X14', 'Ajith Nadar', 20, 'Male', '9541694325', 'ajith@example.com', 'B+', '2026-02-02', 0, 'Thoothukudi, Tamil Nadu', '');
UPDATE public.patients SET total_spent = 2000 WHERE id = 'PT-202X14';
INSERT INTO public.patients (id, name, age, gender, phone, email, blood_group, last_visit, total_spent, address, whatsapp_number) VALUES ('PT-202X15', 'Priya Krishnan', 59, 'Female', '9879140403', 'priya@example.com', 'B+', '2025-10-12', 0, 'Chennai, Tamil Nadu', '');
UPDATE public.patients SET total_spent = 800 WHERE id = 'PT-202X15';
INSERT INTO public.patients (id, name, age, gender, phone, email, blood_group, last_visit, total_spent, address, whatsapp_number) VALUES ('PT-202X16', 'Lakshmi Pillai', 66, 'Male', '9927209683', 'lakshmi@example.com', 'B+', '2025-12-03', 0, 'Tirunelveli, Tamil Nadu', '');
UPDATE public.patients SET total_spent = 4800 WHERE id = 'PT-202X16';
INSERT INTO public.patients (id, name, age, gender, phone, email, blood_group, last_visit, total_spent, address, whatsapp_number) VALUES ('PT-202X17', 'Preethi Chettiar', 35, 'Male', '9934329030', 'preethi@example.com', 'A+', '2026-02-16', 0, 'Tirunelveli, Tamil Nadu', '');
UPDATE public.patients SET total_spent = 3200 WHERE id = 'PT-202X17';
INSERT INTO public.patients (id, name, age, gender, phone, email, blood_group, last_visit, total_spent, address, whatsapp_number) VALUES ('PT-202X18', 'Divya Raman', 8, 'Female', '9491580329', 'divya@example.com', 'A+', '2025-10-07', 0, 'Trichy, Tamil Nadu', '');
UPDATE public.patients SET total_spent = 69000 WHERE id = 'PT-202X18';
INSERT INTO public.patients (id, name, age, gender, phone, email, blood_group, last_visit, total_spent, address, whatsapp_number) VALUES ('PT-202X19', 'Swathi Gounder', 71, 'Female', '9196907713', 'swathi@example.com', 'O+', '2026-01-18', 0, 'Thanjavur, Tamil Nadu', '');
UPDATE public.patients SET total_spent = 36700 WHERE id = 'PT-202X19';
INSERT INTO public.patients (id, name, age, gender, phone, email, blood_group, last_visit, total_spent, address, whatsapp_number) VALUES ('PT-202X20', 'Kanimozhi Rao', 57, 'Female', '9903128397', 'kanimozhi@example.com', 'B+', '2026-01-24', 0, 'Chennai, Tamil Nadu', '');
UPDATE public.patients SET total_spent = 16800 WHERE id = 'PT-202X20';
INSERT INTO public.patients (id, name, age, gender, phone, email, blood_group, last_visit, total_spent, address, whatsapp_number) VALUES ('PT-202X21', 'Anitha Reddy', 26, 'Female', '9223984327', 'anitha@example.com', 'B+', '2025-09-03', 0, 'Vellore, Tamil Nadu', '');
UPDATE public.patients SET total_spent = 51500 WHERE id = 'PT-202X21';
INSERT INTO public.patients (id, name, age, gender, phone, email, blood_group, last_visit, total_spent, address, whatsapp_number) VALUES ('PT-202X22', 'Ramya Raman', 42, 'Female', '9201400441', 'ramya@example.com', 'O+', '2026-01-04', 0, 'Vellore, Tamil Nadu', '');
UPDATE public.patients SET total_spent = 4500 WHERE id = 'PT-202X22';
INSERT INTO public.patients (id, name, age, gender, phone, email, blood_group, last_visit, total_spent, address, whatsapp_number) VALUES ('PT-202X23', 'Sowmya Raman', 21, 'Male', '9976826672', 'sowmya@example.com', 'A+', '2025-10-15', 0, 'Chennai, Tamil Nadu', '');
UPDATE public.patients SET total_spent = 36000 WHERE id = 'PT-202X23';
INSERT INTO public.patients (id, name, age, gender, phone, email, blood_group, last_visit, total_spent, address, whatsapp_number) VALUES ('PT-202X24', 'Geetha Nadar', 39, 'Male', '9916098784', 'geetha@example.com', 'O+', '2026-02-14', 0, 'Madurai, Tamil Nadu', '');
UPDATE public.patients SET total_spent = 4700 WHERE id = 'PT-202X24';
INSERT INTO public.patients (id, name, age, gender, phone, email, blood_group, last_visit, total_spent, address, whatsapp_number) VALUES ('PT-202X25', 'Kavya Gounder', 49, 'Male', '9165953372', 'kavya@example.com', 'A+', '2026-02-15', 0, 'Coimbatore, Tamil Nadu', '');
UPDATE public.patients SET total_spent = 57000 WHERE id = 'PT-202X25';
INSERT INTO public.patients (id, name, age, gender, phone, email, blood_group, last_visit, total_spent, address, whatsapp_number) VALUES ('PT-202X26', 'Nithya Krishnan', 58, 'Female', '9875874101', 'nithya@example.com', 'A+', '2026-03-01', 0, 'Thanjavur, Tamil Nadu', '');
UPDATE public.patients SET total_spent = 1000 WHERE id = 'PT-202X26';
INSERT INTO public.patients (id, name, age, gender, phone, email, blood_group, last_visit, total_spent, address, whatsapp_number) VALUES ('PT-202X27', 'Sneha Pillai', 24, 'Female', '9978282508', 'sneha@example.com', 'A+', '2025-10-26', 0, 'Thanjavur, Tamil Nadu', '');
UPDATE public.patients SET total_spent = 8800 WHERE id = 'PT-202X27';
INSERT INTO public.patients (id, name, age, gender, phone, email, blood_group, last_visit, total_spent, address, whatsapp_number) VALUES ('PT-202X28', 'Nalini Varma', 38, 'Female', '9308796932', 'nalini@example.com', 'O+', '2026-01-19', 0, 'Vellore, Tamil Nadu', '');
UPDATE public.patients SET total_spent = 72000 WHERE id = 'PT-202X28';
INSERT INTO public.patients (id, name, age, gender, phone, email, blood_group, last_visit, total_spent, address, whatsapp_number) VALUES ('PT-202X29', 'Vidhya Chettiar', 46, 'Female', '9643858957', 'vidhya@example.com', 'A+', '2025-12-28', 0, 'Chennai, Tamil Nadu', '');
UPDATE public.patients SET total_spent = 4900 WHERE id = 'PT-202X29';


-- APPOINTMENTS
INSERT INTO public.appointments (id, name, time, type, status, date) VALUES ('APT-PT-202X0-0', 'Arjun Natarajan', '10:00 AM', 'First Visit', 'Completed', '2026-01-11');
INSERT INTO public.appointments (id, name, time, type, status, date) VALUES ('APT-PT-202X0-1', 'Arjun Natarajan', '10:00 AM', 'Follow-up', 'Completed', '2026-01-18');
INSERT INTO public.appointments (id, name, time, type, status, date) VALUES ('APT-PT-202X0-2', 'Arjun Natarajan', '10:00 AM', 'Follow-up', 'Completed', '2026-01-25');
INSERT INTO public.appointments (id, name, time, type, status, date) VALUES ('APT-PT-202X0-3', 'Arjun Natarajan', '10:00 AM', 'Follow-up', 'Completed', '2026-02-01');
INSERT INTO public.appointments (id, name, time, type, status, date) VALUES ('APT-PT-202X0-4', 'Arjun Natarajan', '10:00 AM', 'Follow-up', 'Completed', '2026-02-08');
INSERT INTO public.appointments (id, name, time, type, status, date) VALUES ('APT-PT-202X0-5', 'Arjun Natarajan', '10:00 AM', 'Follow-up', 'Completed', '2026-02-15');
INSERT INTO public.appointments (id, name, time, type, status, date) VALUES ('APT-PT-202X1-0', 'Kannan Naidu', '10:00 AM', 'First Visit', 'Completed', '2025-11-10');
INSERT INTO public.appointments (id, name, time, type, status, date) VALUES ('APT-PT-202X2-0', 'Murugan Raman', '10:00 AM', 'First Visit', 'Completed', '2025-09-10');
INSERT INTO public.appointments (id, name, time, type, status, date) VALUES ('APT-PT-202X2-1', 'Murugan Raman', '10:00 AM', 'Follow-up', 'Completed', '2025-09-17');
INSERT INTO public.appointments (id, name, time, type, status, date) VALUES ('APT-PT-202X2-2', 'Murugan Raman', '10:00 AM', 'Follow-up', 'Completed', '2025-09-24');
INSERT INTO public.appointments (id, name, time, type, status, date) VALUES ('APT-PT-202X3-0', 'Prakash Natarajan', '10:00 AM', 'First Visit', 'Completed', '2025-09-23');
INSERT INTO public.appointments (id, name, time, type, status, date) VALUES ('APT-PT-202X3-1', 'Prakash Natarajan', '10:00 AM', 'Follow-up', 'Completed', '2025-09-30');
INSERT INTO public.appointments (id, name, time, type, status, date) VALUES ('APT-PT-202X4-0', 'Suresh Raman', '10:00 AM', 'First Visit', 'Completed', '2025-11-08');
INSERT INTO public.appointments (id, name, time, type, status, date) VALUES ('APT-PT-202X5-0', 'Ravi Naidu', '10:00 AM', 'First Visit', 'Completed', '2026-01-21');
INSERT INTO public.appointments (id, name, time, type, status, date) VALUES ('APT-PT-202X5-1', 'Ravi Naidu', '10:00 AM', 'Follow-up', 'Completed', '2026-01-28');
INSERT INTO public.appointments (id, name, time, type, status, date) VALUES ('APT-PT-202X5-2', 'Ravi Naidu', '10:00 AM', 'Follow-up', 'Completed', '2026-02-04');
INSERT INTO public.appointments (id, name, time, type, status, date) VALUES ('APT-PT-202X5-3', 'Ravi Naidu', '10:00 AM', 'Follow-up', 'Completed', '2026-02-11');
INSERT INTO public.appointments (id, name, time, type, status, date) VALUES ('APT-PT-202X5-4', 'Ravi Naidu', '10:00 AM', 'Follow-up', 'Completed', '2026-02-18');
INSERT INTO public.appointments (id, name, time, type, status, date) VALUES ('APT-PT-202X5-5', 'Ravi Naidu', '10:00 AM', 'Follow-up', 'Completed', '2026-02-25');
INSERT INTO public.appointments (id, name, time, type, status, date) VALUES ('APT-PT-202X5-6', 'Ravi Naidu', '10:00 AM', 'Follow-up', 'Completed', '2026-03-01');
INSERT INTO public.appointments (id, name, time, type, status, date) VALUES ('APT-PT-202X5-7', 'Ravi Naidu', '10:00 AM', 'Follow-up', 'Completed', '2026-03-01');
INSERT INTO public.appointments (id, name, time, type, status, date) VALUES ('APT-PT-202X6-0', 'Venkatesh Chettiar', '10:00 AM', 'First Visit', 'Completed', '2025-10-06');
INSERT INTO public.appointments (id, name, time, type, status, date) VALUES ('APT-PT-202X6-1', 'Venkatesh Chettiar', '10:00 AM', 'Follow-up', 'Completed', '2025-10-13');
INSERT INTO public.appointments (id, name, time, type, status, date) VALUES ('APT-PT-202X6-2', 'Venkatesh Chettiar', '10:00 AM', 'Follow-up', 'Completed', '2025-10-20');
INSERT INTO public.appointments (id, name, time, type, status, date) VALUES ('APT-PT-202X7-0', 'Manoj Mudaliar', '10:00 AM', 'First Visit', 'Completed', '2025-11-24');
INSERT INTO public.appointments (id, name, time, type, status, date) VALUES ('APT-PT-202X7-1', 'Manoj Mudaliar', '10:00 AM', 'Follow-up', 'Completed', '2025-12-01');
INSERT INTO public.appointments (id, name, time, type, status, date) VALUES ('APT-PT-202X7-2', 'Manoj Mudaliar', '10:00 AM', 'Follow-up', 'Completed', '2025-12-08');
INSERT INTO public.appointments (id, name, time, type, status, date) VALUES ('APT-PT-202X7-3', 'Manoj Mudaliar', '10:00 AM', 'Follow-up', 'Completed', '2025-12-15');
INSERT INTO public.appointments (id, name, time, type, status, date) VALUES ('APT-PT-202X7-4', 'Manoj Mudaliar', '10:00 AM', 'Follow-up', 'Completed', '2025-12-22');
INSERT INTO public.appointments (id, name, time, type, status, date) VALUES ('APT-PT-202X7-5', 'Manoj Mudaliar', '10:00 AM', 'Follow-up', 'Completed', '2025-12-29');
INSERT INTO public.appointments (id, name, time, type, status, date) VALUES ('APT-PT-202X7-6', 'Manoj Mudaliar', '10:00 AM', 'Follow-up', 'Completed', '2026-01-05');
INSERT INTO public.appointments (id, name, time, type, status, date) VALUES ('APT-PT-202X8-0', 'Dinesh Naidu', '10:00 AM', 'First Visit', 'Completed', '2025-12-16');
INSERT INTO public.appointments (id, name, time, type, status, date) VALUES ('APT-PT-202X8-1', 'Dinesh Naidu', '10:00 AM', 'Follow-up', 'Completed', '2025-12-23');
INSERT INTO public.appointments (id, name, time, type, status, date) VALUES ('APT-PT-202X9-0', 'Gowtham Mudaliar', '10:00 AM', 'First Visit', 'Completed', '2026-02-10');
INSERT INTO public.appointments (id, name, time, type, status, date) VALUES ('APT-PT-202X10-0', 'Sathish Rao', '10:00 AM', 'First Visit', 'Completed', '2026-01-09');
INSERT INTO public.appointments (id, name, time, type, status, date) VALUES ('APT-PT-202X10-1', 'Sathish Rao', '10:00 AM', 'Follow-up', 'Completed', '2026-01-16');
INSERT INTO public.appointments (id, name, time, type, status, date) VALUES ('APT-PT-202X10-2', 'Sathish Rao', '10:00 AM', 'Follow-up', 'Completed', '2026-01-23');
INSERT INTO public.appointments (id, name, time, type, status, date) VALUES ('APT-PT-202X11-0', 'Karthik Natarajan', '10:00 AM', 'First Visit', 'Completed', '2025-11-03');
INSERT INTO public.appointments (id, name, time, type, status, date) VALUES ('APT-PT-202X11-1', 'Karthik Natarajan', '10:00 AM', 'Follow-up', 'Completed', '2025-11-10');
INSERT INTO public.appointments (id, name, time, type, status, date) VALUES ('APT-PT-202X11-2', 'Karthik Natarajan', '10:00 AM', 'Follow-up', 'Completed', '2025-11-17');
INSERT INTO public.appointments (id, name, time, type, status, date) VALUES ('APT-PT-202X11-3', 'Karthik Natarajan', '10:00 AM', 'Follow-up', 'Completed', '2025-11-24');
INSERT INTO public.appointments (id, name, time, type, status, date) VALUES ('APT-PT-202X11-4', 'Karthik Natarajan', '10:00 AM', 'Follow-up', 'Completed', '2025-12-01');
INSERT INTO public.appointments (id, name, time, type, status, date) VALUES ('APT-PT-202X11-5', 'Karthik Natarajan', '10:00 AM', 'Follow-up', 'Completed', '2025-12-08');
INSERT INTO public.appointments (id, name, time, type, status, date) VALUES ('APT-PT-202X12-0', 'Ranjith Gounder', '10:00 AM', 'First Visit', 'Completed', '2026-01-27');
INSERT INTO public.appointments (id, name, time, type, status, date) VALUES ('APT-PT-202X12-1', 'Ranjith Gounder', '10:00 AM', 'Follow-up', 'Completed', '2026-02-03');
INSERT INTO public.appointments (id, name, time, type, status, date) VALUES ('APT-PT-202X12-2', 'Ranjith Gounder', '10:00 AM', 'Follow-up', 'Completed', '2026-02-10');
INSERT INTO public.appointments (id, name, time, type, status, date) VALUES ('APT-PT-202X12-3', 'Ranjith Gounder', '10:00 AM', 'Follow-up', 'Completed', '2026-02-17');
INSERT INTO public.appointments (id, name, time, type, status, date) VALUES ('APT-PT-202X12-4', 'Ranjith Gounder', '10:00 AM', 'Follow-up', 'Completed', '2026-02-24');
INSERT INTO public.appointments (id, name, time, type, status, date) VALUES ('APT-PT-202X12-5', 'Ranjith Gounder', '10:00 AM', 'Follow-up', 'Completed', '2026-03-01');
INSERT INTO public.appointments (id, name, time, type, status, date) VALUES ('APT-PT-202X12-6', 'Ranjith Gounder', '10:00 AM', 'Follow-up', 'Completed', '2026-03-01');
INSERT INTO public.appointments (id, name, time, type, status, date) VALUES ('APT-PT-202X12-7', 'Ranjith Gounder', '10:00 AM', 'Follow-up', 'Completed', '2026-03-01');
INSERT INTO public.appointments (id, name, time, type, status, date) VALUES ('APT-PT-202X13-0', 'Deepak Srinivasan', '10:00 AM', 'First Visit', 'Completed', '2025-11-13');
INSERT INTO public.appointments (id, name, time, type, status, date) VALUES ('APT-PT-202X14-0', 'Ajith Nadar', '10:00 AM', 'First Visit', 'Completed', '2025-09-13');
INSERT INTO public.appointments (id, name, time, type, status, date) VALUES ('APT-PT-202X15-0', 'Priya Krishnan', '10:00 AM', 'First Visit', 'Completed', '2026-01-01');
INSERT INTO public.appointments (id, name, time, type, status, date) VALUES ('APT-PT-202X16-0', 'Lakshmi Pillai', '10:00 AM', 'First Visit', 'Completed', '2025-11-08');
INSERT INTO public.appointments (id, name, time, type, status, date) VALUES ('APT-PT-202X16-1', 'Lakshmi Pillai', '10:00 AM', 'Follow-up', 'Completed', '2025-11-15');
INSERT INTO public.appointments (id, name, time, type, status, date) VALUES ('APT-PT-202X16-2', 'Lakshmi Pillai', '10:00 AM', 'Follow-up', 'Completed', '2025-11-22');
INSERT INTO public.appointments (id, name, time, type, status, date) VALUES ('APT-PT-202X17-0', 'Preethi Chettiar', '10:00 AM', 'First Visit', 'Completed', '2025-10-25');
INSERT INTO public.appointments (id, name, time, type, status, date) VALUES ('APT-PT-202X17-1', 'Preethi Chettiar', '10:00 AM', 'Follow-up', 'Completed', '2025-11-01');
INSERT INTO public.appointments (id, name, time, type, status, date) VALUES ('APT-PT-202X17-2', 'Preethi Chettiar', '10:00 AM', 'Follow-up', 'Completed', '2025-11-08');
INSERT INTO public.appointments (id, name, time, type, status, date) VALUES ('APT-PT-202X17-3', 'Preethi Chettiar', '10:00 AM', 'Follow-up', 'Completed', '2025-11-15');
INSERT INTO public.appointments (id, name, time, type, status, date) VALUES ('APT-PT-202X17-4', 'Preethi Chettiar', '10:00 AM', 'Follow-up', 'Completed', '2025-11-22');
INSERT INTO public.appointments (id, name, time, type, status, date) VALUES ('APT-PT-202X18-0', 'Divya Raman', '10:00 AM', 'First Visit', 'Completed', '2026-01-20');
INSERT INTO public.appointments (id, name, time, type, status, date) VALUES ('APT-PT-202X18-1', 'Divya Raman', '10:00 AM', 'Follow-up', 'Completed', '2026-01-27');
INSERT INTO public.appointments (id, name, time, type, status, date) VALUES ('APT-PT-202X18-2', 'Divya Raman', '10:00 AM', 'Follow-up', 'Completed', '2026-02-03');
INSERT INTO public.appointments (id, name, time, type, status, date) VALUES ('APT-PT-202X18-3', 'Divya Raman', '10:00 AM', 'Follow-up', 'Completed', '2026-02-10');
INSERT INTO public.appointments (id, name, time, type, status, date) VALUES ('APT-PT-202X18-4', 'Divya Raman', '10:00 AM', 'Follow-up', 'Completed', '2026-02-17');
INSERT INTO public.appointments (id, name, time, type, status, date) VALUES ('APT-PT-202X18-5', 'Divya Raman', '10:00 AM', 'Follow-up', 'Completed', '2026-02-24');
INSERT INTO public.appointments (id, name, time, type, status, date) VALUES ('APT-PT-202X18-6', 'Divya Raman', '10:00 AM', 'Follow-up', 'Completed', '2026-03-01');
INSERT INTO public.appointments (id, name, time, type, status, date) VALUES ('APT-PT-202X18-7', 'Divya Raman', '10:00 AM', 'Follow-up', 'Completed', '2026-03-01');
INSERT INTO public.appointments (id, name, time, type, status, date) VALUES ('APT-PT-202X19-0', 'Swathi Gounder', '10:00 AM', 'First Visit', 'Completed', '2025-10-05');
INSERT INTO public.appointments (id, name, time, type, status, date) VALUES ('APT-PT-202X19-1', 'Swathi Gounder', '10:00 AM', 'Follow-up', 'Completed', '2025-10-12');
INSERT INTO public.appointments (id, name, time, type, status, date) VALUES ('APT-PT-202X19-2', 'Swathi Gounder', '10:00 AM', 'Follow-up', 'Completed', '2025-10-19');
INSERT INTO public.appointments (id, name, time, type, status, date) VALUES ('APT-PT-202X19-3', 'Swathi Gounder', '10:00 AM', 'Follow-up', 'Completed', '2025-10-26');
INSERT INTO public.appointments (id, name, time, type, status, date) VALUES ('APT-PT-202X19-4', 'Swathi Gounder', '10:00 AM', 'Follow-up', 'Completed', '2025-11-02');
INSERT INTO public.appointments (id, name, time, type, status, date) VALUES ('APT-PT-202X20-0', 'Kanimozhi Rao', '10:00 AM', 'First Visit', 'Completed', '2025-10-18');
INSERT INTO public.appointments (id, name, time, type, status, date) VALUES ('APT-PT-202X20-1', 'Kanimozhi Rao', '10:00 AM', 'Follow-up', 'Completed', '2025-10-25');
INSERT INTO public.appointments (id, name, time, type, status, date) VALUES ('APT-PT-202X20-2', 'Kanimozhi Rao', '10:00 AM', 'Follow-up', 'Completed', '2025-11-01');
INSERT INTO public.appointments (id, name, time, type, status, date) VALUES ('APT-PT-202X21-0', 'Anitha Reddy', '10:00 AM', 'First Visit', 'Completed', '2025-11-13');
INSERT INTO public.appointments (id, name, time, type, status, date) VALUES ('APT-PT-202X21-1', 'Anitha Reddy', '10:00 AM', 'Follow-up', 'Completed', '2025-11-20');
INSERT INTO public.appointments (id, name, time, type, status, date) VALUES ('APT-PT-202X21-2', 'Anitha Reddy', '10:00 AM', 'Follow-up', 'Completed', '2025-11-27');
INSERT INTO public.appointments (id, name, time, type, status, date) VALUES ('APT-PT-202X21-3', 'Anitha Reddy', '10:00 AM', 'Follow-up', 'Completed', '2025-12-04');
INSERT INTO public.appointments (id, name, time, type, status, date) VALUES ('APT-PT-202X21-4', 'Anitha Reddy', '10:00 AM', 'Follow-up', 'Completed', '2025-12-11');
INSERT INTO public.appointments (id, name, time, type, status, date) VALUES ('APT-PT-202X22-0', 'Ramya Raman', '10:00 AM', 'First Visit', 'Completed', '2026-01-15');
INSERT INTO public.appointments (id, name, time, type, status, date) VALUES ('APT-PT-202X22-1', 'Ramya Raman', '10:00 AM', 'Follow-up', 'Completed', '2026-01-22');
INSERT INTO public.appointments (id, name, time, type, status, date) VALUES ('APT-PT-202X23-0', 'Sowmya Raman', '10:00 AM', 'First Visit', 'Completed', '2026-02-27');
INSERT INTO public.appointments (id, name, time, type, status, date) VALUES ('APT-PT-202X23-1', 'Sowmya Raman', '10:00 AM', 'Follow-up', 'Completed', '2026-03-01');
INSERT INTO public.appointments (id, name, time, type, status, date) VALUES ('APT-PT-202X23-2', 'Sowmya Raman', '10:00 AM', 'Follow-up', 'Completed', '2026-03-01');
INSERT INTO public.appointments (id, name, time, type, status, date) VALUES ('APT-PT-202X24-0', 'Geetha Nadar', '10:00 AM', 'First Visit', 'Completed', '2026-01-11');
INSERT INTO public.appointments (id, name, time, type, status, date) VALUES ('APT-PT-202X24-1', 'Geetha Nadar', '10:00 AM', 'Follow-up', 'Completed', '2026-01-18');
INSERT INTO public.appointments (id, name, time, type, status, date) VALUES ('APT-PT-202X24-2', 'Geetha Nadar', '10:00 AM', 'Follow-up', 'Completed', '2026-01-25');
INSERT INTO public.appointments (id, name, time, type, status, date) VALUES ('APT-PT-202X25-0', 'Kavya Gounder', '10:00 AM', 'First Visit', 'Completed', '2025-11-28');
INSERT INTO public.appointments (id, name, time, type, status, date) VALUES ('APT-PT-202X25-1', 'Kavya Gounder', '10:00 AM', 'Follow-up', 'Completed', '2025-12-05');
INSERT INTO public.appointments (id, name, time, type, status, date) VALUES ('APT-PT-202X25-2', 'Kavya Gounder', '10:00 AM', 'Follow-up', 'Completed', '2025-12-12');
INSERT INTO public.appointments (id, name, time, type, status, date) VALUES ('APT-PT-202X25-3', 'Kavya Gounder', '10:00 AM', 'Follow-up', 'Completed', '2025-12-19');
INSERT INTO public.appointments (id, name, time, type, status, date) VALUES ('APT-PT-202X25-4', 'Kavya Gounder', '10:00 AM', 'Follow-up', 'Completed', '2025-12-26');
INSERT INTO public.appointments (id, name, time, type, status, date) VALUES ('APT-PT-202X26-0', 'Nithya Krishnan', '10:00 AM', 'First Visit', 'Completed', '2025-12-10');
INSERT INTO public.appointments (id, name, time, type, status, date) VALUES ('APT-PT-202X26-1', 'Nithya Krishnan', '10:00 AM', 'Follow-up', 'Completed', '2025-12-17');
INSERT INTO public.appointments (id, name, time, type, status, date) VALUES ('APT-PT-202X27-0', 'Sneha Pillai', '10:00 AM', 'First Visit', 'Completed', '2026-01-01');
INSERT INTO public.appointments (id, name, time, type, status, date) VALUES ('APT-PT-202X27-1', 'Sneha Pillai', '10:00 AM', 'Follow-up', 'Completed', '2026-01-08');
INSERT INTO public.appointments (id, name, time, type, status, date) VALUES ('APT-PT-202X27-2', 'Sneha Pillai', '10:00 AM', 'Follow-up', 'Completed', '2026-01-15');
INSERT INTO public.appointments (id, name, time, type, status, date) VALUES ('APT-PT-202X27-3', 'Sneha Pillai', '10:00 AM', 'Follow-up', 'Completed', '2026-01-22');
INSERT INTO public.appointments (id, name, time, type, status, date) VALUES ('APT-PT-202X27-4', 'Sneha Pillai', '10:00 AM', 'Follow-up', 'Completed', '2026-01-29');
INSERT INTO public.appointments (id, name, time, type, status, date) VALUES ('APT-PT-202X28-0', 'Nalini Varma', '10:00 AM', 'First Visit', 'Completed', '2025-10-16');
INSERT INTO public.appointments (id, name, time, type, status, date) VALUES ('APT-PT-202X28-1', 'Nalini Varma', '10:00 AM', 'Follow-up', 'Completed', '2025-10-23');
INSERT INTO public.appointments (id, name, time, type, status, date) VALUES ('APT-PT-202X28-2', 'Nalini Varma', '10:00 AM', 'Follow-up', 'Completed', '2025-10-30');
INSERT INTO public.appointments (id, name, time, type, status, date) VALUES ('APT-PT-202X28-3', 'Nalini Varma', '10:00 AM', 'Follow-up', 'Completed', '2025-11-06');
INSERT INTO public.appointments (id, name, time, type, status, date) VALUES ('APT-PT-202X28-4', 'Nalini Varma', '10:00 AM', 'Follow-up', 'Completed', '2025-11-13');
INSERT INTO public.appointments (id, name, time, type, status, date) VALUES ('APT-PT-202X28-5', 'Nalini Varma', '10:00 AM', 'Follow-up', 'Completed', '2025-11-20');
INSERT INTO public.appointments (id, name, time, type, status, date) VALUES ('APT-PT-202X29-0', 'Vidhya Chettiar', '10:00 AM', 'First Visit', 'Completed', '2025-09-12');
INSERT INTO public.appointments (id, name, time, type, status, date) VALUES ('APT-PT-202X29-1', 'Vidhya Chettiar', '10:00 AM', 'Follow-up', 'Completed', '2025-09-19');
INSERT INTO public.appointments (id, name, time, type, status, date) VALUES ('APT-PT-202X29-2', 'Vidhya Chettiar', '10:00 AM', 'Follow-up', 'Completed', '2025-09-26');
INSERT INTO public.appointments (id, name, time, type, status, date) VALUES ('APT-PT-202X29-3', 'Vidhya Chettiar', '10:00 AM', 'Follow-up', 'Completed', '2025-10-03');


-- HISTORY
INSERT INTO public.patient_history (id, patient_id, date, treatment, category, cost, notes, tooth) VALUES ('HST-PT-202X0-0', 'PT-202X0', '2026-01-11', 'Fixed Orthodontic Treatment (Braces)', 'Orthodontics', 45000, 'Perform by Dr. P. Vinothkumar', 11);
INSERT INTO public.patient_history (id, patient_id, date, treatment, category, cost, notes, tooth) VALUES ('HST-PT-202X0-1', 'PT-202X0', '2026-01-18', 'Simple Extraction', 'Surgical', 1000, 'Perform by Dr. P. Vinothkumar', 11);
INSERT INTO public.patient_history (id, patient_id, date, treatment, category, cost, notes, tooth) VALUES ('HST-PT-202X0-2', 'PT-202X0', '2026-01-25', 'RCT – Completed', 'Endodontic', 2000, 'Perform by Dr. P. Vinothkumar', 11);
INSERT INTO public.patient_history (id, patient_id, date, treatment, category, cost, notes, tooth) VALUES ('HST-PT-202X0-3', 'PT-202X0', '2026-02-01', 'Fluoride Therapy', 'Preventive', 800, 'Perform by Dr. P. Vinothkumar', 11);
INSERT INTO public.patient_history (id, patient_id, date, treatment, category, cost, notes, tooth) VALUES ('HST-PT-202X0-4', 'PT-202X0', '2026-02-08', 'Fluoride Therapy', 'Preventive', 800, 'Perform by Dr. P. Vinothkumar', 11);
INSERT INTO public.patient_history (id, patient_id, date, treatment, category, cost, notes, tooth) VALUES ('HST-PT-202X0-5', 'PT-202X0', '2026-02-15', 'Simple Extraction', 'Surgical', 1000, 'Perform by Dr. P. Vinothkumar', 11);
INSERT INTO public.patient_history (id, patient_id, date, treatment, category, cost, notes, tooth) VALUES ('HST-PT-202X1-0', 'PT-202X1', '2025-11-10', 'Implant Placement', 'Implantology', 30000, 'Perform by Dr. S. Karthikeyan', 11);
INSERT INTO public.patient_history (id, patient_id, date, treatment, category, cost, notes, tooth) VALUES ('HST-PT-202X2-0', 'PT-202X2', '2025-09-10', 'RCT – Dressing', 'Endodontic', 1000, 'Perform by Dr. P. Vinothkumar', 11);
INSERT INTO public.patient_history (id, patient_id, date, treatment, category, cost, notes, tooth) VALUES ('HST-PT-202X2-1', 'PT-202X2', '2025-09-17', 'Surgical Extraction', 'Surgical', 3000, 'Perform by Dr. P. Vinothkumar', 11);
INSERT INTO public.patient_history (id, patient_id, date, treatment, category, cost, notes, tooth) VALUES ('HST-PT-202X2-2', 'PT-202X2', '2025-09-24', 'RCT – Started', 'Endodontic', 2000, 'Perform by Dr. P. Vinothkumar', 11);
INSERT INTO public.patient_history (id, patient_id, date, treatment, category, cost, notes, tooth) VALUES ('HST-PT-202X3-0', 'PT-202X3', '2025-09-23', 'Stainless Steel Crown (Primary Teeth)', 'Pedodontics', 2500, 'Perform by Dr. K. Ramesh', 11);
INSERT INTO public.patient_history (id, patient_id, date, treatment, category, cost, notes, tooth) VALUES ('HST-PT-202X3-1', 'PT-202X3', '2025-09-30', 'Implant Placement', 'Implantology', 30000, 'Perform by Dr. K. Ramesh', 11);
INSERT INTO public.patient_history (id, patient_id, date, treatment, category, cost, notes, tooth) VALUES ('HST-PT-202X4-0', 'PT-202X4', '2025-11-08', 'RCT – Dressing', 'Endodontic', 1000, 'Perform by Dr. M. S. Srinivasan', 11);
INSERT INTO public.patient_history (id, patient_id, date, treatment, category, cost, notes, tooth) VALUES ('HST-PT-202X5-0', 'PT-202X5', '2026-01-21', 'Intraoral Periapical Radiograph (IOPA)', 'Diagnostic', 200, 'Perform by Dr. P. Vinothkumar', 11);
INSERT INTO public.patient_history (id, patient_id, date, treatment, category, cost, notes, tooth) VALUES ('HST-PT-202X5-1', 'PT-202X5', '2026-01-28', 'Fluoride Therapy', 'Preventive', 800, 'Perform by Dr. P. Vinothkumar', 11);
INSERT INTO public.patient_history (id, patient_id, date, treatment, category, cost, notes, tooth) VALUES ('HST-PT-202X5-2', 'PT-202X5', '2026-02-04', 'Glass Ionomer Restoration', 'Restorative', 1200, 'Perform by Dr. P. Vinothkumar', 11);
INSERT INTO public.patient_history (id, patient_id, date, treatment, category, cost, notes, tooth) VALUES ('HST-PT-202X5-3', 'PT-202X5', '2026-02-11', 'Fixed Orthodontic Treatment (Braces)', 'Orthodontics', 45000, 'Perform by Dr. P. Vinothkumar', 11);
INSERT INTO public.patient_history (id, patient_id, date, treatment, category, cost, notes, tooth) VALUES ('HST-PT-202X5-4', 'PT-202X5', '2026-02-18', 'RCT – Started', 'Endodontic', 2000, 'Perform by Dr. P. Vinothkumar', 11);
INSERT INTO public.patient_history (id, patient_id, date, treatment, category, cost, notes, tooth) VALUES ('HST-PT-202X5-5', 'PT-202X5', '2026-02-25', 'Implant Placement', 'Implantology', 30000, 'Perform by Dr. P. Vinothkumar', 11);
INSERT INTO public.patient_history (id, patient_id, date, treatment, category, cost, notes, tooth) VALUES ('HST-PT-202X5-6', 'PT-202X5', '2026-03-01', 'Orthopantomogram (OPG)', 'Diagnostic', 800, 'Perform by Dr. P. Vinothkumar', 11);
INSERT INTO public.patient_history (id, patient_id, date, treatment, category, cost, notes, tooth) VALUES ('HST-PT-202X5-7', 'PT-202X5', '2026-03-01', 'RCT – Started', 'Endodontic', 2000, 'Perform by Dr. P. Vinothkumar', 11);
INSERT INTO public.patient_history (id, patient_id, date, treatment, category, cost, notes, tooth) VALUES ('HST-PT-202X6-0', 'PT-202X6', '2025-10-06', 'Surgical Extraction', 'Surgical', 3000, 'Perform by Dr. P. Vinothkumar', 11);
INSERT INTO public.patient_history (id, patient_id, date, treatment, category, cost, notes, tooth) VALUES ('HST-PT-202X6-1', 'PT-202X6', '2025-10-13', 'Orthopantomogram (OPG)', 'Diagnostic', 800, 'Perform by Dr. P. Vinothkumar', 11);
INSERT INTO public.patient_history (id, patient_id, date, treatment, category, cost, notes, tooth) VALUES ('HST-PT-202X6-2', 'PT-202X6', '2025-10-20', 'Fixed Orthodontic Treatment (Braces)', 'Orthodontics', 45000, 'Perform by Dr. P. Vinothkumar', 11);
INSERT INTO public.patient_history (id, patient_id, date, treatment, category, cost, notes, tooth) VALUES ('HST-PT-202X7-0', 'PT-202X7', '2025-11-24', 'Crown (Zirconia)', 'Prosthodontics', 8000, 'Perform by Dr. K. Ramesh', 11);
INSERT INTO public.patient_history (id, patient_id, date, treatment, category, cost, notes, tooth) VALUES ('HST-PT-202X7-1', 'PT-202X7', '2025-12-01', 'Fixed Partial Denture (Bridge)', 'Prosthodontics', 24000, 'Perform by Dr. K. Ramesh', 11);
INSERT INTO public.patient_history (id, patient_id, date, treatment, category, cost, notes, tooth) VALUES ('HST-PT-202X7-2', 'PT-202X7', '2025-12-08', 'Orthopantomogram (OPG)', 'Diagnostic', 800, 'Perform by Dr. K. Ramesh', 11);
INSERT INTO public.patient_history (id, patient_id, date, treatment, category, cost, notes, tooth) VALUES ('HST-PT-202X7-3', 'PT-202X7', '2025-12-15', 'Crown (Zirconia)', 'Prosthodontics', 8000, 'Perform by Dr. K. Ramesh', 11);
INSERT INTO public.patient_history (id, patient_id, date, treatment, category, cost, notes, tooth) VALUES ('HST-PT-202X7-4', 'PT-202X7', '2025-12-22', 'Fluoride Therapy', 'Preventive', 800, 'Perform by Dr. K. Ramesh', 11);
INSERT INTO public.patient_history (id, patient_id, date, treatment, category, cost, notes, tooth) VALUES ('HST-PT-202X7-5', 'PT-202X7', '2025-12-29', 'Simple Extraction', 'Surgical', 1000, 'Perform by Dr. K. Ramesh', 11);
INSERT INTO public.patient_history (id, patient_id, date, treatment, category, cost, notes, tooth) VALUES ('HST-PT-202X7-6', 'PT-202X7', '2026-01-05', 'Composite Restoration', 'Restorative', 1500, 'Perform by Dr. K. Ramesh', 11);
INSERT INTO public.patient_history (id, patient_id, date, treatment, category, cost, notes, tooth) VALUES ('HST-PT-202X8-0', 'PT-202X8', '2025-12-16', 'Glass Ionomer Restoration', 'Restorative', 1200, 'Perform by Dr. M. S. Srinivasan', 11);
INSERT INTO public.patient_history (id, patient_id, date, treatment, category, cost, notes, tooth) VALUES ('HST-PT-202X8-1', 'PT-202X8', '2025-12-23', 'Fixed Orthodontic Treatment (Braces)', 'Orthodontics', 45000, 'Perform by Dr. M. S. Srinivasan', 11);
INSERT INTO public.patient_history (id, patient_id, date, treatment, category, cost, notes, tooth) VALUES ('HST-PT-202X9-0', 'PT-202X9', '2026-02-10', 'RCT – Started', 'Endodontic', 2000, 'Perform by Dr. M. S. Srinivasan', 11);
INSERT INTO public.patient_history (id, patient_id, date, treatment, category, cost, notes, tooth) VALUES ('HST-PT-202X10-0', 'PT-202X10', '2026-01-09', 'Glass Ionomer Restoration', 'Restorative', 1200, 'Perform by Dr. S. Karthikeyan', 11);
INSERT INTO public.patient_history (id, patient_id, date, treatment, category, cost, notes, tooth) VALUES ('HST-PT-202X10-1', 'PT-202X10', '2026-01-16', 'Oral Examination', 'Diagnostic', 400, 'Perform by Dr. S. Karthikeyan', 11);
INSERT INTO public.patient_history (id, patient_id, date, treatment, category, cost, notes, tooth) VALUES ('HST-PT-202X10-2', 'PT-202X10', '2026-01-23', 'Orthopantomogram (OPG)', 'Diagnostic', 800, 'Perform by Dr. S. Karthikeyan', 11);
INSERT INTO public.patient_history (id, patient_id, date, treatment, category, cost, notes, tooth) VALUES ('HST-PT-202X11-0', 'PT-202X11', '2025-11-03', 'Fixed Orthodontic Treatment (Braces)', 'Orthodontics', 45000, 'Perform by Dr. K. Ramesh', 11);
INSERT INTO public.patient_history (id, patient_id, date, treatment, category, cost, notes, tooth) VALUES ('HST-PT-202X11-1', 'PT-202X11', '2025-11-10', 'Orthopantomogram (OPG)', 'Diagnostic', 800, 'Perform by Dr. K. Ramesh', 11);
INSERT INTO public.patient_history (id, patient_id, date, treatment, category, cost, notes, tooth) VALUES ('HST-PT-202X11-2', 'PT-202X11', '2025-11-17', 'Surgical Extraction', 'Surgical', 3000, 'Perform by Dr. K. Ramesh', 11);
INSERT INTO public.patient_history (id, patient_id, date, treatment, category, cost, notes, tooth) VALUES ('HST-PT-202X11-3', 'PT-202X11', '2025-11-24', 'Simple Extraction', 'Surgical', 1000, 'Perform by Dr. K. Ramesh', 11);
INSERT INTO public.patient_history (id, patient_id, date, treatment, category, cost, notes, tooth) VALUES ('HST-PT-202X11-4', 'PT-202X11', '2025-12-01', 'Simple Extraction', 'Surgical', 1000, 'Perform by Dr. K. Ramesh', 11);
INSERT INTO public.patient_history (id, patient_id, date, treatment, category, cost, notes, tooth) VALUES ('HST-PT-202X11-5', 'PT-202X11', '2025-12-08', 'Implant Placement', 'Implantology', 30000, 'Perform by Dr. K. Ramesh', 11);
INSERT INTO public.patient_history (id, patient_id, date, treatment, category, cost, notes, tooth) VALUES ('HST-PT-202X12-0', 'PT-202X12', '2026-01-27', 'Fixed Orthodontic Treatment (Braces)', 'Orthodontics', 45000, 'Perform by Dr. S. Karthikeyan', 11);
INSERT INTO public.patient_history (id, patient_id, date, treatment, category, cost, notes, tooth) VALUES ('HST-PT-202X12-1', 'PT-202X12', '2026-02-03', 'Periodontal Charting', 'Diagnostic', 500, 'Perform by Dr. S. Karthikeyan', 11);
INSERT INTO public.patient_history (id, patient_id, date, treatment, category, cost, notes, tooth) VALUES ('HST-PT-202X12-2', 'PT-202X12', '2026-02-10', 'Fixed Partial Denture (Bridge)', 'Prosthodontics', 24000, 'Perform by Dr. S. Karthikeyan', 11);
INSERT INTO public.patient_history (id, patient_id, date, treatment, category, cost, notes, tooth) VALUES ('HST-PT-202X12-3', 'PT-202X12', '2026-02-17', 'Oral Examination', 'Diagnostic', 400, 'Perform by Dr. S. Karthikeyan', 11);
INSERT INTO public.patient_history (id, patient_id, date, treatment, category, cost, notes, tooth) VALUES ('HST-PT-202X12-4', 'PT-202X12', '2026-02-24', 'Orthopantomogram (OPG)', 'Diagnostic', 800, 'Perform by Dr. S. Karthikeyan', 11);
INSERT INTO public.patient_history (id, patient_id, date, treatment, category, cost, notes, tooth) VALUES ('HST-PT-202X12-5', 'PT-202X12', '2026-03-01', 'Fixed Partial Denture (Bridge)', 'Prosthodontics', 24000, 'Perform by Dr. S. Karthikeyan', 11);
INSERT INTO public.patient_history (id, patient_id, date, treatment, category, cost, notes, tooth) VALUES ('HST-PT-202X12-6', 'PT-202X12', '2026-03-01', 'Crown (Zirconia)', 'Prosthodontics', 8000, 'Perform by Dr. S. Karthikeyan', 11);
INSERT INTO public.patient_history (id, patient_id, date, treatment, category, cost, notes, tooth) VALUES ('HST-PT-202X12-7', 'PT-202X12', '2026-03-01', 'Fluoride Therapy', 'Preventive', 800, 'Perform by Dr. S. Karthikeyan', 11);
INSERT INTO public.patient_history (id, patient_id, date, treatment, category, cost, notes, tooth) VALUES ('HST-PT-202X13-0', 'PT-202X13', '2025-11-13', 'Oral Examination', 'Diagnostic', 400, 'Perform by Dr. M. S. Srinivasan', 11);
INSERT INTO public.patient_history (id, patient_id, date, treatment, category, cost, notes, tooth) VALUES ('HST-PT-202X14-0', 'PT-202X14', '2025-09-13', 'RCT – Completed', 'Endodontic', 2000, 'Perform by Dr. P. Vinothkumar', 11);
INSERT INTO public.patient_history (id, patient_id, date, treatment, category, cost, notes, tooth) VALUES ('HST-PT-202X15-0', 'PT-202X15', '2026-01-01', 'Orthopantomogram (OPG)', 'Diagnostic', 800, 'Perform by Dr. M. S. Srinivasan', 11);
INSERT INTO public.patient_history (id, patient_id, date, treatment, category, cost, notes, tooth) VALUES ('HST-PT-202X16-0', 'PT-202X16', '2025-11-08', 'Fluoride Therapy', 'Preventive', 800, 'Perform by Dr. K. Ramesh', 11);
INSERT INTO public.patient_history (id, patient_id, date, treatment, category, cost, notes, tooth) VALUES ('HST-PT-202X16-1', 'PT-202X16', '2025-11-15', 'RCT – Started', 'Endodontic', 2000, 'Perform by Dr. K. Ramesh', 11);
INSERT INTO public.patient_history (id, patient_id, date, treatment, category, cost, notes, tooth) VALUES ('HST-PT-202X16-2', 'PT-202X16', '2025-11-22', 'RCT – Completed', 'Endodontic', 2000, 'Perform by Dr. K. Ramesh', 11);
INSERT INTO public.patient_history (id, patient_id, date, treatment, category, cost, notes, tooth) VALUES ('HST-PT-202X17-0', 'PT-202X17', '2025-10-25', 'Fluoride Therapy', 'Preventive', 800, 'Perform by Dr. S. Karthikeyan', 11);
INSERT INTO public.patient_history (id, patient_id, date, treatment, category, cost, notes, tooth) VALUES ('HST-PT-202X17-1', 'PT-202X17', '2025-11-01', 'Simple Extraction', 'Surgical', 1000, 'Perform by Dr. S. Karthikeyan', 11);
INSERT INTO public.patient_history (id, patient_id, date, treatment, category, cost, notes, tooth) VALUES ('HST-PT-202X17-2', 'PT-202X17', '2025-11-08', 'Oral Examination', 'Diagnostic', 400, 'Perform by Dr. S. Karthikeyan', 11);
INSERT INTO public.patient_history (id, patient_id, date, treatment, category, cost, notes, tooth) VALUES ('HST-PT-202X17-3', 'PT-202X17', '2025-11-15', 'Fluoride Therapy', 'Preventive', 800, 'Perform by Dr. S. Karthikeyan', 11);
INSERT INTO public.patient_history (id, patient_id, date, treatment, category, cost, notes, tooth) VALUES ('HST-PT-202X17-4', 'PT-202X17', '2025-11-22', 'Intraoral Periapical Radiograph (IOPA)', 'Diagnostic', 200, 'Perform by Dr. S. Karthikeyan', 11);
INSERT INTO public.patient_history (id, patient_id, date, treatment, category, cost, notes, tooth) VALUES ('HST-PT-202X18-0', 'PT-202X18', '2026-01-20', 'RCT – Dressing', 'Endodontic', 1000, 'Perform by Dr. C. Gopinath', 11);
INSERT INTO public.patient_history (id, patient_id, date, treatment, category, cost, notes, tooth) VALUES ('HST-PT-202X18-1', 'PT-202X18', '2026-01-27', 'Crown (Zirconia)', 'Prosthodontics', 8000, 'Perform by Dr. C. Gopinath', 11);
INSERT INTO public.patient_history (id, patient_id, date, treatment, category, cost, notes, tooth) VALUES ('HST-PT-202X18-2', 'PT-202X18', '2026-02-03', 'Fixed Partial Denture (Bridge)', 'Prosthodontics', 24000, 'Perform by Dr. C. Gopinath', 11);
INSERT INTO public.patient_history (id, patient_id, date, treatment, category, cost, notes, tooth) VALUES ('HST-PT-202X18-3', 'PT-202X18', '2026-02-10', 'RCT – Completed', 'Endodontic', 2000, 'Perform by Dr. C. Gopinath', 11);
INSERT INTO public.patient_history (id, patient_id, date, treatment, category, cost, notes, tooth) VALUES ('HST-PT-202X18-4', 'PT-202X18', '2026-02-17', 'Crown (Zirconia)', 'Prosthodontics', 8000, 'Perform by Dr. C. Gopinath', 11);
INSERT INTO public.patient_history (id, patient_id, date, treatment, category, cost, notes, tooth) VALUES ('HST-PT-202X18-5', 'PT-202X18', '2026-02-24', 'RCT – Dressing', 'Endodontic', 1000, 'Perform by Dr. C. Gopinath', 11);
INSERT INTO public.patient_history (id, patient_id, date, treatment, category, cost, notes, tooth) VALUES ('HST-PT-202X18-6', 'PT-202X18', '2026-03-01', 'Fixed Partial Denture (Bridge)', 'Prosthodontics', 24000, 'Perform by Dr. C. Gopinath', 11);
INSERT INTO public.patient_history (id, patient_id, date, treatment, category, cost, notes, tooth) VALUES ('HST-PT-202X18-7', 'PT-202X18', '2026-03-01', 'Oral Prophylaxis – Scaling & Polishing', 'Preventive', 1000, 'Perform by Dr. C. Gopinath', 11);
INSERT INTO public.patient_history (id, patient_id, date, treatment, category, cost, notes, tooth) VALUES ('HST-PT-202X19-0', 'PT-202X19', '2025-10-05', 'Implant Placement', 'Implantology', 30000, 'Perform by Dr. K. Ramesh', 11);
INSERT INTO public.patient_history (id, patient_id, date, treatment, category, cost, notes, tooth) VALUES ('HST-PT-202X19-1', 'PT-202X19', '2025-10-12', 'Surgical Extraction', 'Surgical', 3000, 'Perform by Dr. K. Ramesh', 11);
INSERT INTO public.patient_history (id, patient_id, date, treatment, category, cost, notes, tooth) VALUES ('HST-PT-202X19-2', 'PT-202X19', '2025-10-19', 'Stainless Steel Crown (Primary Teeth)', 'Pedodontics', 2500, 'Perform by Dr. K. Ramesh', 11);
INSERT INTO public.patient_history (id, patient_id, date, treatment, category, cost, notes, tooth) VALUES ('HST-PT-202X19-3', 'PT-202X19', '2025-10-26', 'RCT – Dressing', 'Endodontic', 1000, 'Perform by Dr. K. Ramesh', 11);
INSERT INTO public.patient_history (id, patient_id, date, treatment, category, cost, notes, tooth) VALUES ('HST-PT-202X19-4', 'PT-202X19', '2025-11-02', 'Intraoral Periapical Radiograph (IOPA)', 'Diagnostic', 200, 'Perform by Dr. K. Ramesh', 11);
INSERT INTO public.patient_history (id, patient_id, date, treatment, category, cost, notes, tooth) VALUES ('HST-PT-202X20-0', 'PT-202X20', '2025-10-18', 'Crown (Zirconia)', 'Prosthodontics', 8000, 'Perform by Dr. M. S. Srinivasan', 11);
INSERT INTO public.patient_history (id, patient_id, date, treatment, category, cost, notes, tooth) VALUES ('HST-PT-202X20-1', 'PT-202X20', '2025-10-25', 'Crown (Zirconia)', 'Prosthodontics', 8000, 'Perform by Dr. M. S. Srinivasan', 11);
INSERT INTO public.patient_history (id, patient_id, date, treatment, category, cost, notes, tooth) VALUES ('HST-PT-202X20-2', 'PT-202X20', '2025-11-01', 'Orthopantomogram (OPG)', 'Diagnostic', 800, 'Perform by Dr. M. S. Srinivasan', 11);
INSERT INTO public.patient_history (id, patient_id, date, treatment, category, cost, notes, tooth) VALUES ('HST-PT-202X21-0', 'PT-202X21', '2025-11-13', 'Simple Extraction', 'Surgical', 1000, 'Perform by Dr. P. Vinothkumar', 11);
INSERT INTO public.patient_history (id, patient_id, date, treatment, category, cost, notes, tooth) VALUES ('HST-PT-202X21-1', 'PT-202X21', '2025-11-20', 'RCT – Started', 'Endodontic', 2000, 'Perform by Dr. P. Vinothkumar', 11);
INSERT INTO public.patient_history (id, patient_id, date, treatment, category, cost, notes, tooth) VALUES ('HST-PT-202X21-2', 'PT-202X21', '2025-11-27', 'Periodontal Charting', 'Diagnostic', 500, 'Perform by Dr. P. Vinothkumar', 11);
INSERT INTO public.patient_history (id, patient_id, date, treatment, category, cost, notes, tooth) VALUES ('HST-PT-202X21-3', 'PT-202X21', '2025-12-04', 'Surgical Extraction', 'Surgical', 3000, 'Perform by Dr. P. Vinothkumar', 11);
INSERT INTO public.patient_history (id, patient_id, date, treatment, category, cost, notes, tooth) VALUES ('HST-PT-202X21-4', 'PT-202X21', '2025-12-11', 'Fixed Orthodontic Treatment (Braces)', 'Orthodontics', 45000, 'Perform by Dr. P. Vinothkumar', 11);
INSERT INTO public.patient_history (id, patient_id, date, treatment, category, cost, notes, tooth) VALUES ('HST-PT-202X22-0', 'PT-202X22', '2026-01-15', 'Composite Restoration', 'Restorative', 1500, 'Perform by Dr. M. S. Srinivasan', 11);
INSERT INTO public.patient_history (id, patient_id, date, treatment, category, cost, notes, tooth) VALUES ('HST-PT-202X22-1', 'PT-202X22', '2026-01-22', 'Surgical Extraction', 'Surgical', 3000, 'Perform by Dr. M. S. Srinivasan', 11);
INSERT INTO public.patient_history (id, patient_id, date, treatment, category, cost, notes, tooth) VALUES ('HST-PT-202X23-0', 'PT-202X23', '2026-02-27', 'Implant Placement', 'Implantology', 30000, 'Perform by Dr. M. S. Srinivasan', 11);
INSERT INTO public.patient_history (id, patient_id, date, treatment, category, cost, notes, tooth) VALUES ('HST-PT-202X23-1', 'PT-202X23', '2026-03-01', 'Surgical Extraction', 'Surgical', 3000, 'Perform by Dr. M. S. Srinivasan', 11);
INSERT INTO public.patient_history (id, patient_id, date, treatment, category, cost, notes, tooth) VALUES ('HST-PT-202X23-2', 'PT-202X23', '2026-03-01', 'Surgical Extraction', 'Surgical', 3000, 'Perform by Dr. M. S. Srinivasan', 11);
INSERT INTO public.patient_history (id, patient_id, date, treatment, category, cost, notes, tooth) VALUES ('HST-PT-202X24-0', 'PT-202X24', '2026-01-11', 'Surgical Extraction', 'Surgical', 3000, 'Perform by Dr. P. Vinothkumar', 11);
INSERT INTO public.patient_history (id, patient_id, date, treatment, category, cost, notes, tooth) VALUES ('HST-PT-202X24-1', 'PT-202X24', '2026-01-18', 'Periodontal Charting', 'Diagnostic', 500, 'Perform by Dr. P. Vinothkumar', 11);
INSERT INTO public.patient_history (id, patient_id, date, treatment, category, cost, notes, tooth) VALUES ('HST-PT-202X24-2', 'PT-202X24', '2026-01-25', 'Glass Ionomer Restoration', 'Restorative', 1200, 'Perform by Dr. P. Vinothkumar', 11);
INSERT INTO public.patient_history (id, patient_id, date, treatment, category, cost, notes, tooth) VALUES ('HST-PT-202X25-0', 'PT-202X25', '2025-11-28', 'RCT – Dressing', 'Endodontic', 1000, 'Perform by Dr. P. Vinothkumar', 11);
INSERT INTO public.patient_history (id, patient_id, date, treatment, category, cost, notes, tooth) VALUES ('HST-PT-202X25-1', 'PT-202X25', '2025-12-05', 'Implant Placement', 'Implantology', 30000, 'Perform by Dr. P. Vinothkumar', 11);
INSERT INTO public.patient_history (id, patient_id, date, treatment, category, cost, notes, tooth) VALUES ('HST-PT-202X25-2', 'PT-202X25', '2025-12-12', 'Fixed Partial Denture (Bridge)', 'Prosthodontics', 24000, 'Perform by Dr. P. Vinothkumar', 11);
INSERT INTO public.patient_history (id, patient_id, date, treatment, category, cost, notes, tooth) VALUES ('HST-PT-202X25-3', 'PT-202X25', '2025-12-19', 'RCT – Dressing', 'Endodontic', 1000, 'Perform by Dr. P. Vinothkumar', 11);
INSERT INTO public.patient_history (id, patient_id, date, treatment, category, cost, notes, tooth) VALUES ('HST-PT-202X25-4', 'PT-202X25', '2025-12-26', 'RCT – Dressing', 'Endodontic', 1000, 'Perform by Dr. P. Vinothkumar', 11);
INSERT INTO public.patient_history (id, patient_id, date, treatment, category, cost, notes, tooth) VALUES ('HST-PT-202X26-0', 'PT-202X26', '2025-12-10', 'Intraoral Periapical Radiograph (IOPA)', 'Diagnostic', 200, 'Perform by Dr. P. Vinothkumar', 11);
INSERT INTO public.patient_history (id, patient_id, date, treatment, category, cost, notes, tooth) VALUES ('HST-PT-202X26-1', 'PT-202X26', '2025-12-17', 'Fluoride Therapy', 'Preventive', 800, 'Perform by Dr. P. Vinothkumar', 11);
INSERT INTO public.patient_history (id, patient_id, date, treatment, category, cost, notes, tooth) VALUES ('HST-PT-202X27-0', 'PT-202X27', '2026-01-01', 'Surgical Extraction', 'Surgical', 3000, 'Perform by Dr. K. Ramesh', 11);
INSERT INTO public.patient_history (id, patient_id, date, treatment, category, cost, notes, tooth) VALUES ('HST-PT-202X27-1', 'PT-202X27', '2026-01-08', 'RCT – Dressing', 'Endodontic', 1000, 'Perform by Dr. K. Ramesh', 11);
INSERT INTO public.patient_history (id, patient_id, date, treatment, category, cost, notes, tooth) VALUES ('HST-PT-202X27-2', 'PT-202X27', '2026-01-15', 'Orthopantomogram (OPG)', 'Diagnostic', 800, 'Perform by Dr. K. Ramesh', 11);
INSERT INTO public.patient_history (id, patient_id, date, treatment, category, cost, notes, tooth) VALUES ('HST-PT-202X27-3', 'PT-202X27', '2026-01-22', 'RCT – Started', 'Endodontic', 2000, 'Perform by Dr. K. Ramesh', 11);
INSERT INTO public.patient_history (id, patient_id, date, treatment, category, cost, notes, tooth) VALUES ('HST-PT-202X27-4', 'PT-202X27', '2026-01-29', 'RCT – Started', 'Endodontic', 2000, 'Perform by Dr. K. Ramesh', 11);
INSERT INTO public.patient_history (id, patient_id, date, treatment, category, cost, notes, tooth) VALUES ('HST-PT-202X28-0', 'PT-202X28', '2025-10-16', 'Glass Ionomer Restoration', 'Restorative', 1200, 'Perform by Dr. P. Vinothkumar', 11);
INSERT INTO public.patient_history (id, patient_id, date, treatment, category, cost, notes, tooth) VALUES ('HST-PT-202X28-1', 'PT-202X28', '2025-10-23', 'Fixed Orthodontic Treatment (Braces)', 'Orthodontics', 45000, 'Perform by Dr. P. Vinothkumar', 11);
INSERT INTO public.patient_history (id, patient_id, date, treatment, category, cost, notes, tooth) VALUES ('HST-PT-202X28-2', 'PT-202X28', '2025-10-30', 'Fluoride Therapy', 'Preventive', 800, 'Perform by Dr. P. Vinothkumar', 11);
INSERT INTO public.patient_history (id, patient_id, date, treatment, category, cost, notes, tooth) VALUES ('HST-PT-202X28-3', 'PT-202X28', '2025-11-06', 'Periodontal Charting', 'Diagnostic', 500, 'Perform by Dr. P. Vinothkumar', 11);
INSERT INTO public.patient_history (id, patient_id, date, treatment, category, cost, notes, tooth) VALUES ('HST-PT-202X28-4', 'PT-202X28', '2025-11-13', 'Periodontal Charting', 'Diagnostic', 500, 'Perform by Dr. P. Vinothkumar', 11);
INSERT INTO public.patient_history (id, patient_id, date, treatment, category, cost, notes, tooth) VALUES ('HST-PT-202X28-5', 'PT-202X28', '2025-11-20', 'Fixed Partial Denture (Bridge)', 'Prosthodontics', 24000, 'Perform by Dr. P. Vinothkumar', 11);
INSERT INTO public.patient_history (id, patient_id, date, treatment, category, cost, notes, tooth) VALUES ('HST-PT-202X29-0', 'PT-202X29', '2025-09-12', 'Stainless Steel Crown (Primary Teeth)', 'Pedodontics', 2500, 'Perform by Dr. K. Ramesh', 11);
INSERT INTO public.patient_history (id, patient_id, date, treatment, category, cost, notes, tooth) VALUES ('HST-PT-202X29-1', 'PT-202X29', '2025-09-19', 'Oral Examination', 'Diagnostic', 400, 'Perform by Dr. K. Ramesh', 11);
INSERT INTO public.patient_history (id, patient_id, date, treatment, category, cost, notes, tooth) VALUES ('HST-PT-202X29-2', 'PT-202X29', '2025-09-26', 'Periodontal Charting', 'Diagnostic', 500, 'Perform by Dr. K. Ramesh', 11);
INSERT INTO public.patient_history (id, patient_id, date, treatment, category, cost, notes, tooth) VALUES ('HST-PT-202X29-3', 'PT-202X29', '2025-10-03', 'Composite Restoration', 'Restorative', 1500, 'Perform by Dr. K. Ramesh', 11);


-- BILLING
INSERT INTO public.bills (id, patient_id, amount, status, date) VALUES ('BIL-PT-202X0-0', 'PT-202X0', 45000, 'paid', '2026-01-11');
INSERT INTO public.bills (id, patient_id, amount, status, date) VALUES ('BIL-PT-202X0-1', 'PT-202X0', 1000, 'paid', '2026-01-18');
INSERT INTO public.bills (id, patient_id, amount, status, date) VALUES ('BIL-PT-202X0-2', 'PT-202X0', 2000, 'paid', '2026-01-25');
INSERT INTO public.bills (id, patient_id, amount, status, date) VALUES ('BIL-PT-202X0-3', 'PT-202X0', 800, 'paid', '2026-02-01');
INSERT INTO public.bills (id, patient_id, amount, status, date) VALUES ('BIL-PT-202X0-4', 'PT-202X0', 800, 'paid', '2026-02-08');
INSERT INTO public.bills (id, patient_id, amount, status, date) VALUES ('BIL-PT-202X0-5', 'PT-202X0', 1000, 'paid', '2026-02-15');
INSERT INTO public.bills (id, patient_id, amount, status, date) VALUES ('BIL-PT-202X1-0', 'PT-202X1', 30000, 'paid', '2025-11-10');
INSERT INTO public.bills (id, patient_id, amount, status, date) VALUES ('BIL-PT-202X2-0', 'PT-202X2', 1000, 'paid', '2025-09-10');
INSERT INTO public.bills (id, patient_id, amount, status, date) VALUES ('BIL-PT-202X2-1', 'PT-202X2', 3000, 'paid', '2025-09-17');
INSERT INTO public.bills (id, patient_id, amount, status, date) VALUES ('BIL-PT-202X2-2', 'PT-202X2', 2000, 'paid', '2025-09-24');
INSERT INTO public.bills (id, patient_id, amount, status, date) VALUES ('BIL-PT-202X3-0', 'PT-202X3', 2500, 'paid', '2025-09-23');
INSERT INTO public.bills (id, patient_id, amount, status, date) VALUES ('BIL-PT-202X3-1', 'PT-202X3', 30000, 'paid', '2025-09-30');
INSERT INTO public.bills (id, patient_id, amount, status, date) VALUES ('BIL-PT-202X4-0', 'PT-202X4', 1000, 'paid', '2025-11-08');
INSERT INTO public.bills (id, patient_id, amount, status, date) VALUES ('BIL-PT-202X5-0', 'PT-202X5', 200, 'paid', '2026-01-21');
INSERT INTO public.bills (id, patient_id, amount, status, date) VALUES ('BIL-PT-202X5-1', 'PT-202X5', 800, 'paid', '2026-01-28');
INSERT INTO public.bills (id, patient_id, amount, status, date) VALUES ('BIL-PT-202X5-2', 'PT-202X5', 1200, 'paid', '2026-02-04');
INSERT INTO public.bills (id, patient_id, amount, status, date) VALUES ('BIL-PT-202X5-3', 'PT-202X5', 45000, 'paid', '2026-02-11');
INSERT INTO public.bills (id, patient_id, amount, status, date) VALUES ('BIL-PT-202X5-4', 'PT-202X5', 2000, 'paid', '2026-02-18');
INSERT INTO public.bills (id, patient_id, amount, status, date) VALUES ('BIL-PT-202X5-5', 'PT-202X5', 30000, 'paid', '2026-02-25');
INSERT INTO public.bills (id, patient_id, amount, status, date) VALUES ('BIL-PT-202X5-6', 'PT-202X5', 800, 'paid', '2026-03-01');
INSERT INTO public.bills (id, patient_id, amount, status, date) VALUES ('BIL-PT-202X5-7', 'PT-202X5', 2000, 'paid', '2026-03-01');
INSERT INTO public.bills (id, patient_id, amount, status, date) VALUES ('BIL-PT-202X6-0', 'PT-202X6', 3000, 'paid', '2025-10-06');
INSERT INTO public.bills (id, patient_id, amount, status, date) VALUES ('BIL-PT-202X6-1', 'PT-202X6', 800, 'paid', '2025-10-13');
INSERT INTO public.bills (id, patient_id, amount, status, date) VALUES ('BIL-PT-202X6-2', 'PT-202X6', 45000, 'paid', '2025-10-20');
INSERT INTO public.bills (id, patient_id, amount, status, date) VALUES ('BIL-PT-202X7-0', 'PT-202X7', 8000, 'paid', '2025-11-24');
INSERT INTO public.bills (id, patient_id, amount, status, date) VALUES ('BIL-PT-202X7-1', 'PT-202X7', 24000, 'paid', '2025-12-01');
INSERT INTO public.bills (id, patient_id, amount, status, date) VALUES ('BIL-PT-202X7-2', 'PT-202X7', 800, 'paid', '2025-12-08');
INSERT INTO public.bills (id, patient_id, amount, status, date) VALUES ('BIL-PT-202X7-3', 'PT-202X7', 8000, 'paid', '2025-12-15');
INSERT INTO public.bills (id, patient_id, amount, status, date) VALUES ('BIL-PT-202X7-4', 'PT-202X7', 800, 'paid', '2025-12-22');
INSERT INTO public.bills (id, patient_id, amount, status, date) VALUES ('BIL-PT-202X7-5', 'PT-202X7', 1000, 'paid', '2025-12-29');
INSERT INTO public.bills (id, patient_id, amount, status, date) VALUES ('BIL-PT-202X7-6', 'PT-202X7', 1500, 'paid', '2026-01-05');
INSERT INTO public.bills (id, patient_id, amount, status, date) VALUES ('BIL-PT-202X8-0', 'PT-202X8', 1200, 'paid', '2025-12-16');
INSERT INTO public.bills (id, patient_id, amount, status, date) VALUES ('BIL-PT-202X8-1', 'PT-202X8', 45000, 'paid', '2025-12-23');
INSERT INTO public.bills (id, patient_id, amount, status, date) VALUES ('BIL-PT-202X9-0', 'PT-202X9', 2000, 'paid', '2026-02-10');
INSERT INTO public.bills (id, patient_id, amount, status, date) VALUES ('BIL-PT-202X10-0', 'PT-202X10', 1200, 'paid', '2026-01-09');
INSERT INTO public.bills (id, patient_id, amount, status, date) VALUES ('BIL-PT-202X10-1', 'PT-202X10', 400, 'paid', '2026-01-16');
INSERT INTO public.bills (id, patient_id, amount, status, date) VALUES ('BIL-PT-202X10-2', 'PT-202X10', 800, 'paid', '2026-01-23');
INSERT INTO public.bills (id, patient_id, amount, status, date) VALUES ('BIL-PT-202X11-0', 'PT-202X11', 45000, 'paid', '2025-11-03');
INSERT INTO public.bills (id, patient_id, amount, status, date) VALUES ('BIL-PT-202X11-1', 'PT-202X11', 800, 'paid', '2025-11-10');
INSERT INTO public.bills (id, patient_id, amount, status, date) VALUES ('BIL-PT-202X11-2', 'PT-202X11', 3000, 'paid', '2025-11-17');
INSERT INTO public.bills (id, patient_id, amount, status, date) VALUES ('BIL-PT-202X11-3', 'PT-202X11', 1000, 'paid', '2025-11-24');
INSERT INTO public.bills (id, patient_id, amount, status, date) VALUES ('BIL-PT-202X11-4', 'PT-202X11', 1000, 'paid', '2025-12-01');
INSERT INTO public.bills (id, patient_id, amount, status, date) VALUES ('BIL-PT-202X11-5', 'PT-202X11', 30000, 'paid', '2025-12-08');
INSERT INTO public.bills (id, patient_id, amount, status, date) VALUES ('BIL-PT-202X12-0', 'PT-202X12', 45000, 'paid', '2026-01-27');
INSERT INTO public.bills (id, patient_id, amount, status, date) VALUES ('BIL-PT-202X12-1', 'PT-202X12', 500, 'paid', '2026-02-03');
INSERT INTO public.bills (id, patient_id, amount, status, date) VALUES ('BIL-PT-202X12-2', 'PT-202X12', 24000, 'paid', '2026-02-10');
INSERT INTO public.bills (id, patient_id, amount, status, date) VALUES ('BIL-PT-202X12-3', 'PT-202X12', 400, 'paid', '2026-02-17');
INSERT INTO public.bills (id, patient_id, amount, status, date) VALUES ('BIL-PT-202X12-4', 'PT-202X12', 800, 'paid', '2026-02-24');
INSERT INTO public.bills (id, patient_id, amount, status, date) VALUES ('BIL-PT-202X12-5', 'PT-202X12', 24000, 'paid', '2026-03-01');
INSERT INTO public.bills (id, patient_id, amount, status, date) VALUES ('BIL-PT-202X12-6', 'PT-202X12', 8000, 'paid', '2026-03-01');
INSERT INTO public.bills (id, patient_id, amount, status, date) VALUES ('BIL-PT-202X12-7', 'PT-202X12', 800, 'paid', '2026-03-01');
INSERT INTO public.bills (id, patient_id, amount, status, date) VALUES ('BIL-PT-202X13-0', 'PT-202X13', 400, 'paid', '2025-11-13');
INSERT INTO public.bills (id, patient_id, amount, status, date) VALUES ('BIL-PT-202X14-0', 'PT-202X14', 2000, 'paid', '2025-09-13');
INSERT INTO public.bills (id, patient_id, amount, status, date) VALUES ('BIL-PT-202X15-0', 'PT-202X15', 800, 'paid', '2026-01-01');
INSERT INTO public.bills (id, patient_id, amount, status, date) VALUES ('BIL-PT-202X16-0', 'PT-202X16', 800, 'paid', '2025-11-08');
INSERT INTO public.bills (id, patient_id, amount, status, date) VALUES ('BIL-PT-202X16-1', 'PT-202X16', 2000, 'paid', '2025-11-15');
INSERT INTO public.bills (id, patient_id, amount, status, date) VALUES ('BIL-PT-202X16-2', 'PT-202X16', 2000, 'paid', '2025-11-22');
INSERT INTO public.bills (id, patient_id, amount, status, date) VALUES ('BIL-PT-202X17-0', 'PT-202X17', 800, 'paid', '2025-10-25');
INSERT INTO public.bills (id, patient_id, amount, status, date) VALUES ('BIL-PT-202X17-1', 'PT-202X17', 1000, 'paid', '2025-11-01');
INSERT INTO public.bills (id, patient_id, amount, status, date) VALUES ('BIL-PT-202X17-2', 'PT-202X17', 400, 'paid', '2025-11-08');
INSERT INTO public.bills (id, patient_id, amount, status, date) VALUES ('BIL-PT-202X17-3', 'PT-202X17', 800, 'paid', '2025-11-15');
INSERT INTO public.bills (id, patient_id, amount, status, date) VALUES ('BIL-PT-202X17-4', 'PT-202X17', 200, 'paid', '2025-11-22');
INSERT INTO public.bills (id, patient_id, amount, status, date) VALUES ('BIL-PT-202X18-0', 'PT-202X18', 1000, 'paid', '2026-01-20');
INSERT INTO public.bills (id, patient_id, amount, status, date) VALUES ('BIL-PT-202X18-1', 'PT-202X18', 8000, 'paid', '2026-01-27');
INSERT INTO public.bills (id, patient_id, amount, status, date) VALUES ('BIL-PT-202X18-2', 'PT-202X18', 24000, 'paid', '2026-02-03');
INSERT INTO public.bills (id, patient_id, amount, status, date) VALUES ('BIL-PT-202X18-3', 'PT-202X18', 2000, 'paid', '2026-02-10');
INSERT INTO public.bills (id, patient_id, amount, status, date) VALUES ('BIL-PT-202X18-4', 'PT-202X18', 8000, 'paid', '2026-02-17');
INSERT INTO public.bills (id, patient_id, amount, status, date) VALUES ('BIL-PT-202X18-5', 'PT-202X18', 1000, 'paid', '2026-02-24');
INSERT INTO public.bills (id, patient_id, amount, status, date) VALUES ('BIL-PT-202X18-6', 'PT-202X18', 24000, 'paid', '2026-03-01');
INSERT INTO public.bills (id, patient_id, amount, status, date) VALUES ('BIL-PT-202X18-7', 'PT-202X18', 1000, 'paid', '2026-03-01');
INSERT INTO public.bills (id, patient_id, amount, status, date) VALUES ('BIL-PT-202X19-0', 'PT-202X19', 30000, 'paid', '2025-10-05');
INSERT INTO public.bills (id, patient_id, amount, status, date) VALUES ('BIL-PT-202X19-1', 'PT-202X19', 3000, 'paid', '2025-10-12');
INSERT INTO public.bills (id, patient_id, amount, status, date) VALUES ('BIL-PT-202X19-2', 'PT-202X19', 2500, 'paid', '2025-10-19');
INSERT INTO public.bills (id, patient_id, amount, status, date) VALUES ('BIL-PT-202X19-3', 'PT-202X19', 1000, 'paid', '2025-10-26');
INSERT INTO public.bills (id, patient_id, amount, status, date) VALUES ('BIL-PT-202X19-4', 'PT-202X19', 200, 'paid', '2025-11-02');
INSERT INTO public.bills (id, patient_id, amount, status, date) VALUES ('BIL-PT-202X20-0', 'PT-202X20', 8000, 'paid', '2025-10-18');
INSERT INTO public.bills (id, patient_id, amount, status, date) VALUES ('BIL-PT-202X20-1', 'PT-202X20', 8000, 'paid', '2025-10-25');
INSERT INTO public.bills (id, patient_id, amount, status, date) VALUES ('BIL-PT-202X20-2', 'PT-202X20', 800, 'paid', '2025-11-01');
INSERT INTO public.bills (id, patient_id, amount, status, date) VALUES ('BIL-PT-202X21-0', 'PT-202X21', 1000, 'paid', '2025-11-13');
INSERT INTO public.bills (id, patient_id, amount, status, date) VALUES ('BIL-PT-202X21-1', 'PT-202X21', 2000, 'paid', '2025-11-20');
INSERT INTO public.bills (id, patient_id, amount, status, date) VALUES ('BIL-PT-202X21-2', 'PT-202X21', 500, 'paid', '2025-11-27');
INSERT INTO public.bills (id, patient_id, amount, status, date) VALUES ('BIL-PT-202X21-3', 'PT-202X21', 3000, 'paid', '2025-12-04');
INSERT INTO public.bills (id, patient_id, amount, status, date) VALUES ('BIL-PT-202X21-4', 'PT-202X21', 45000, 'paid', '2025-12-11');
INSERT INTO public.bills (id, patient_id, amount, status, date) VALUES ('BIL-PT-202X22-0', 'PT-202X22', 1500, 'paid', '2026-01-15');
INSERT INTO public.bills (id, patient_id, amount, status, date) VALUES ('BIL-PT-202X22-1', 'PT-202X22', 3000, 'paid', '2026-01-22');
INSERT INTO public.bills (id, patient_id, amount, status, date) VALUES ('BIL-PT-202X23-0', 'PT-202X23', 30000, 'paid', '2026-02-27');
INSERT INTO public.bills (id, patient_id, amount, status, date) VALUES ('BIL-PT-202X23-1', 'PT-202X23', 3000, 'paid', '2026-03-01');
INSERT INTO public.bills (id, patient_id, amount, status, date) VALUES ('BIL-PT-202X23-2', 'PT-202X23', 3000, 'paid', '2026-03-01');
INSERT INTO public.bills (id, patient_id, amount, status, date) VALUES ('BIL-PT-202X24-0', 'PT-202X24', 3000, 'paid', '2026-01-11');
INSERT INTO public.bills (id, patient_id, amount, status, date) VALUES ('BIL-PT-202X24-1', 'PT-202X24', 500, 'paid', '2026-01-18');
INSERT INTO public.bills (id, patient_id, amount, status, date) VALUES ('BIL-PT-202X24-2', 'PT-202X24', 1200, 'paid', '2026-01-25');
INSERT INTO public.bills (id, patient_id, amount, status, date) VALUES ('BIL-PT-202X25-0', 'PT-202X25', 1000, 'paid', '2025-11-28');
INSERT INTO public.bills (id, patient_id, amount, status, date) VALUES ('BIL-PT-202X25-1', 'PT-202X25', 30000, 'paid', '2025-12-05');
INSERT INTO public.bills (id, patient_id, amount, status, date) VALUES ('BIL-PT-202X25-2', 'PT-202X25', 24000, 'paid', '2025-12-12');
INSERT INTO public.bills (id, patient_id, amount, status, date) VALUES ('BIL-PT-202X25-3', 'PT-202X25', 1000, 'paid', '2025-12-19');
INSERT INTO public.bills (id, patient_id, amount, status, date) VALUES ('BIL-PT-202X25-4', 'PT-202X25', 1000, 'paid', '2025-12-26');
INSERT INTO public.bills (id, patient_id, amount, status, date) VALUES ('BIL-PT-202X26-0', 'PT-202X26', 200, 'paid', '2025-12-10');
INSERT INTO public.bills (id, patient_id, amount, status, date) VALUES ('BIL-PT-202X26-1', 'PT-202X26', 800, 'paid', '2025-12-17');
INSERT INTO public.bills (id, patient_id, amount, status, date) VALUES ('BIL-PT-202X27-0', 'PT-202X27', 3000, 'paid', '2026-01-01');
INSERT INTO public.bills (id, patient_id, amount, status, date) VALUES ('BIL-PT-202X27-1', 'PT-202X27', 1000, 'paid', '2026-01-08');
INSERT INTO public.bills (id, patient_id, amount, status, date) VALUES ('BIL-PT-202X27-2', 'PT-202X27', 800, 'paid', '2026-01-15');
INSERT INTO public.bills (id, patient_id, amount, status, date) VALUES ('BIL-PT-202X27-3', 'PT-202X27', 2000, 'paid', '2026-01-22');
INSERT INTO public.bills (id, patient_id, amount, status, date) VALUES ('BIL-PT-202X27-4', 'PT-202X27', 2000, 'paid', '2026-01-29');
INSERT INTO public.bills (id, patient_id, amount, status, date) VALUES ('BIL-PT-202X28-0', 'PT-202X28', 1200, 'paid', '2025-10-16');
INSERT INTO public.bills (id, patient_id, amount, status, date) VALUES ('BIL-PT-202X28-1', 'PT-202X28', 45000, 'paid', '2025-10-23');
INSERT INTO public.bills (id, patient_id, amount, status, date) VALUES ('BIL-PT-202X28-2', 'PT-202X28', 800, 'paid', '2025-10-30');
INSERT INTO public.bills (id, patient_id, amount, status, date) VALUES ('BIL-PT-202X28-3', 'PT-202X28', 500, 'paid', '2025-11-06');
INSERT INTO public.bills (id, patient_id, amount, status, date) VALUES ('BIL-PT-202X28-4', 'PT-202X28', 500, 'paid', '2025-11-13');
INSERT INTO public.bills (id, patient_id, amount, status, date) VALUES ('BIL-PT-202X28-5', 'PT-202X28', 24000, 'paid', '2025-11-20');
INSERT INTO public.bills (id, patient_id, amount, status, date) VALUES ('BIL-PT-202X29-0', 'PT-202X29', 2500, 'paid', '2025-09-12');
INSERT INTO public.bills (id, patient_id, amount, status, date) VALUES ('BIL-PT-202X29-1', 'PT-202X29', 400, 'paid', '2025-09-19');
INSERT INTO public.bills (id, patient_id, amount, status, date) VALUES ('BIL-PT-202X29-2', 'PT-202X29', 500, 'paid', '2025-09-26');
INSERT INTO public.bills (id, patient_id, amount, status, date) VALUES ('BIL-PT-202X29-3', 'PT-202X29', 1500, 'paid', '2025-10-03');

